Razao_Social;UF;Valor_Total;Media_Trimestral;Desvio_Padrao
BRADESCO SAÃDE S.A.;RJ;73031789376.53;646299021.03;2379044118.62
UNIMED DE CIANORTE - COOPERATIVA DE TRABALHO MEDICO ;PR;42838980871.64;549217703.48;2756355430.19
SUL AMERICA COMPANHIA DE SEGURO SAÃDE;RJ;39314843581.32;263858010.61;913364924.4
AMIL ASSISTÃNCIA MÃDICA INTERNACIONAL S.A.;SP;39184478243.42;180573632.46;627434597.06
UNIMED NACIONAL - COOPERATIVA CENTRAL;SP;18275090214.09;85397617.82;278668410.39
NOTRE DAME INTERMÃDICA SAÃDE S.A.;SP;16904138051.09;130031831.16;388001504.53
HAPVIDA ASSISTENCIA MEDICA S.A.;CE;16775748123.09;62363375.92;241253111.18
UNIMED FRANCISCO BELTRAO COOPERATIVA DE TRABALHO MEDICO;PR;15344447453.74;150435759.35;937859314.48
CAIXA DE ASSISTÃNCIA DOS FUNCIONÃRIOS DO BANCO DO BRASIL;DF;13411189887.43;203199846.78;602501117.71
UNIMED BELO HORIZONTE COOPERATIVA DE TRABALHO MÃDICO;MG;10814932354.9;33482762.71;92483198.71
PORTO SEGURO - SEGURO SAÃDE S/A;SP;9375489384.4;126695802.49;428424362.5
UNIMED DO EST. DO RJ FEDERAÃÃO EST. DAS COOPERATIVAS MÃDICAS;RJ;9178545690.16;150467962.13;234929994.12
UNIMED SEGUROS SAÃDE S/A;SP;8967309898.2;64980506.51;255540941.02
BRADESCO SAÃDE - OPERADORA DE PLANOS  S/A;SP;8966258610.73;426964695.75;746297612.03
PREVENT SENIOR PRIVATE OPERADORA DE SAÃDE LTDA;SP;8788071007.11;183084812.65;525110396.04
GEAP AUTOGESTÃO EM SAÃDE;DF;8736910464.7;123055076.97;501969457.38
ASSOCIAÃÃO PETROBRAS DE SAÃDE - APS;RJ;8157221956.87;453178997.6;1034446084.46
UNIMED PORTO ALEGRE - COOPERATIVA MÃDICA LTDA.;RS;7827620320.27;29427144.06;75665606.65
SUL AMÃRICA PARANÃ CLÃNICAS SERVIÃOS DE SAÃDE S.A.;SP;7506904602.61;127235671.23;544228687.64
UNIMED CURITIBA - SOCIEDADE COOPERATIVA DE MÃDICOS;PR;7288225039.8;29747857.31;73407936.18
UNIMED CAMPINAS - COOPERATIVA DE TRABALHO MÃDICO;SP;5785210178.65;20960906.44;61651605.64
UNIMED DE FORTALEZA SOCIEDADE COOPERATIVA MÃDICA LTDA.;CE;4926971441.26;23687362.7;49899774.55
UNIMED GOIANIA COOPERATIVA DE TRABALHO MÃDICO;GO;4742836706.23;41242058.32;97314224.65
FUNDAÃÃO SAÃDE ITAÃ;MG;3817544386.81;181787827.94;268324998.74
OMINT SERVIÃOS DE SAÃDE S.A.;SP;3656967732.85;46290730.8;150236355.53
UNIMED VITORIA COOPERATIVA DE TRABALHO MEDICO;ES;3581860624.39;17387672.93;41626571.34
GRUPO HOSPITALAR DO RIO DE JANEIRO LTDA;RJ;3544026162.49;38107808.2;116376234.41
UNIMED RECIFE COOPERATIVA DE TRABALHO MÃDICO;PE;3497074427.17;52195140.7;91345408.04
POSTAL SAÃDE CAIXA DE ASSISTÃNCIA E SAÃDE DOS EMPREGADOS DOS CORREIOS;DF;3428954889.31;53577420.15;208955122.67
CARE PLUS MEDICINA ASSISTENCIAL LTDA.;SP;3256505345.29;542750890.88;670526590.32
UNIMED DO ESTADO DE SÃO PAULO - FEDERAÃÃO ESTADUAL DAS COOP. MÃDICAS;SP;3193882756.19;44359482.72;100739368.85
UNIMED GRANDE FLORIANÃPOLIS-COOPERATIVA DE TRABALHO MEDICO;SC;3119997201.24;10064507.1;25944787.94
SERV  SOCIAL AUTÃNOMO DE ASSIST Ã SAÃDE DOS SERV PÃBLICOS E MILITARES DE GOIÃS;GO;3087845660.44;110280202.16;402023220.31
UNIMED SAO JOSÃ DO RIO PRETO - COOP. DE TRABALHO MÃDICO;SP;2793404459.16;15871616.25;41420552.52
FUNDAÃÃO CESP;SP;2725888221.87;71733900.58;152964270.77
UNIMED BELÃM COOPERATIVA DE TRABALHO MÃDICO;PA;2642796979.87;32229231.46;82466454.78
UNIMED CUIABA COOPERATIVA DE TRABALHO MÃDICO;MT;2531801196.32;9042147.13;20314385.76
MEDISERVICE OPERADORA DE PLANOS DE SAÃDE S.A.;SP;2373116068.93;48430940.18;86744593.48
SAMEDIL SERVIÃOS DE ATENDIMENTO MÃDICO S/A;ES;2281170899.68;81470389.27;142291089.39
FUNDAÃÃO ASSISTENCIAL DOS SERVIDORES DO MINISTÃRIO DA FAZENDA;DF;2264418046.64;46212613.2;161732123.46
UNIMED DE LONDRINA COOPERATIVA DE TRABALHO MÃDICO;PR;2124717331.98;13115539.09;21912918.21
CAIXA BENEFICENTE DOS FUNCIONARIOS DO BANCO DO ESTADO DE SÃO PAULO;SP;2045885890.56;32474379.22;89189690.9
UNIMED NATAL SOC. COOP. DE TRAB. MÃDICO;RN;1915225994.72;14732507.65;29666084.07
UNIMED CAMPO GRANDE MS COOPERATIVA DE TRABALHO MÃDICO;MS;1861137291.51;14654624.34;21997604.21
UNIMED SERRA GAUCHA/RS COOPERATIVA DE ASSISTENCIA A SAUDE LTDA;RS;1836227927.45;10553034.07;20572415.93
UNIMED REGIONAL MARINGÃ COOP.DE TRABALHO MÃDICO;PR;1831946913.63;8807437.08;21085298.63
NOTRE DAME INTERMÃDICA MINAS GERAIS SAÃDE S.A.;CE;1829366503.13;10335403.97;36972881.75
UNIMED DE RIBEIRAO PRETO - COOPERATIVA DE TRABALHO MÃDICO;SP;1827771690.19;16466411.62;27165664.02
UNIMED JOAO PESSOA - COOPERATIVA DE TRABALHO MÃDICO;PB;1785618270.58;21257360.36;33578136.43
UNIMED-SÃO GONÃALO - NITERÃI - SOC.COOP.SERV.MED E HOSP LTDA;RJ;1771752998.89;10673210.84;25041206.5
UNIMED SOROCABA COOPERATIVA DE TRABALHO MÃDICO;SP;1729723306.89;21621541.34;40745298.71
UNIMED UBERLÃNDIA COOPERATIVA REGIONAL TRABALHO MÃDICO LTDA;MG;1718865631.27;11089455.69;24339502.92
UNIMED DO ESTADO DO PARANÃ FEDERAÃÃO ESTADUAL DAS COOPERATIVAS MÃDICAS;PR;1711881602.23;4768472.43;18380984.85
UNIMED MACEIO COOPERATIVA DE TRABALHO MÃDICO;AL;1686350299.48;8692527.32;21395185.6
UNIMED DO ESTADO DE SANTA CATARINA FED. EST. DAS COOP. MÃD.;SC;1677843618.6;5592812.06;14954419.07
UNIMED DE SANTOS COOP DE TRAB MEDICO;SP;1595659185.86;8767358.16;22492637.93
HUMANA SAÃDE NORDESTE LTDA. ;PI;1589461770.96;11434976.77;28096729.43
UNIMED BLUMENAU - COOPERATIVA DE TRABALHO MEDICO;SC;1539783683.68;6086101.52;17283588.79
UNIMED LITORAL COOPERATIVA DE TRABALHO MÃDICO LTDA;SC;1510309615.69;10344586.41;28832004.36
CAIXA DE ASSISTENCIA DOS SERVIDORES DO ESTADO DE MATO GROSSO DO SUL;MS;1416466173.43;88529135.84;172498380.37
UNIMED DE JOINVILLE COOPERATIVA DE TRABALHO MÃDICO;SC;1389948097.99;10610290.82;22871833.72
SANTA HELENA ASSISTÃNCIA MÃDICA S/A.;SP;1384531610.93;17980930.01;36687814.21
FUNDAÃÃO SÃO FRANCISCO XAVIER;MG;1376207627.65;20851630.72;45359271.32
ODONTOPREV S/A;SP;1366590137.49;34164753.44;93432429.54
UNIMED DE BAURU COOPERATIVA DE TRABALHO MÃDICO;SP;1347519135.17;3583827.49;12687678.03
UNIMED SAO JOSE DOS CAMPOS - COOPERATIVA DE TRABALHO MEDICO;SP;1316974395.77;7276101.63;18566389.89
UNIMED DE PIRACICABA SOCIEDADE COOPERATIVA DE SERVIÃOS MÃDICOS;SP;1308456618.06;4511919.37;10067468.65
UNIMED JUIZ DE FORA COOPERATIVA DE TRABALHO MÃDICO LTDA;MG;1289789725.85;5077912.31;12827810.49
SAMP ESPIRITO SANTO ASSISTENCIA MEDICA SA;ES;1280953066.78;8957713.75;29671802.35
CLINIPAM CLINICA PARANAENSE DE ASSISTENCIA MEDICA LTDA;CE;1276046611.8;8450639.81;22677708.54
UNIMED DIVINOPOLIS - COOPERATIVA DE TRABALHO MEDICO LTDA;MG;1252180136.79;5049113.45;15843513.11
UNIMED - COOPERATIVA DE SERVIÃOS DE SAÃDE DOS VALES DO TAQUARI E RIO PARDO LTDA.;RS;1226632006.96;7479463.46;12030401.77
GAMA SAUDE LTDA.;SP;1221993381.09;135777042.34;213664665.47
CENTRO TRASMONTANO DE SAO PAULO;SP;1204969704.83;57379509.75;77356309.48
UNIMED DE CASCAVEL COOPERATIVA DE TRABALHO MÃDICO;PR;1187940731.04;7029235.09;12518615.98
UNIMED SERGIPE - COOPERATIVA DE TRABALHO MÃDICO;SE;1087509806.93;7712835.51;19738367.89
ASSOCIAÃÃO DE BENEFICÃNCIA E FILANTROPIA SÃO CRISTOVÃO;SP;1039708756.9;16503313.6;42264433.92
CAIXA DE ASSISTÃNCIA DOS FUNCIONÃRIOS DO BANCO DO NORDESTE DO BRASIL;CE;1036854566.08;24687013.48;65233838.55
UNIMED DE MACAÃ COOPERATIVA DE ASSISTÃNCIA Ã SAÃDE;RJ;1028900072.11;7402158.79;18191308.27
CEMIG SAÃDE;MG;970540095.33;40439170.64;107432785.4
UNIMED VALE DO SINOS - COOPERATIVA DE ASSISTÃNCIA Ã SAÃDE LTDA;RS;928366157.05;7086764.56;18649612.55
UNIMED SÃO CARLOS - COOPERATIVA DE TRABALHO MÃDICO;SP;925522134.03;8263590.48;13859900.37
UNIMED DE SANTA BÃRBARA D'OESTE E AMERICANA - COOP DE TRABALHO MÃDICO;SP;908017839.35;5437232.57;12891083.89
SINDIFISCO NACIONAL - SINDICATO NACIONAL DOS AUDITORES-FISCAIS DA RECEITA FEDERAL DO BRASIL;DF;903060646.79;23764753.86;59078839.83
UNIMED DE VOLTA REDONDA COOPERATIVA DE TRABALHO MÃDICO;RJ;891813266.57;7077883.07;15866368.1
UNIMED DE PRESIDENTE PRUDENTE COOPERATIVA DE TRAB. MÃDICO;SP;873898577.86;4369492.89;7990304.47
UNIMED TERESINA - COOPERATIVA DE TRABALHO MÃDICO;PI;866290549.8;7043012.6;12447994.0
UNIMED NORTE DO MATO GROSSO COOPERATIVA DE TRABALHO MÃDICO;MT;865302190.06;6867477.7;15841293.31
PASA - PLANO DE ASSISTENCIA A SAUDE DO APOSENTADO DA VALE;RJ;863627636.01;28787587.87;83010023.39
ASSOCIAÃÃO SANTA CASA SAÃDE DE SÃO JOSÃ DOS CAMPOS;SP;825085668.48;21156042.78;53330511.34
UNIMED UBERABA COOPERATIVA DE TRABALHO MEDICO LTDA.;MG;821684513.16;5041009.28;11339797.27
UNIMED PONTA GROSSA COOPERATIVA DE TRABALHO MEDICO;PR;793709533.67;6669828.01;11473635.76
REAL GRANDEZA - FUNDAÃÃO DE PREVIDÃNCIA E ASSISTÃNCIA SOCIAL;RJ;772036649.97;9190912.5;25452305.12
UNIMED SUL CAPIXABA COOPERATIVA DE TRABALHO MÃDICO;ES;767673113.63;5050481.01;14054566.28
PLANO HOSPITAL SAMARITANO LTDA;SP;759537714.58;31647404.77;62812971.06
UNIMED DE MARILIA COOPERATIVA DE TRABALHO MÃDICO;SP;753739581.95;2626270.32;8680681.24
UNIMED NOVA FRIBURGO-SOC.COOP.SERV.MED.HOSP.LTDA.;RJ;752207841.32;5334807.39;8270196.92
UNIMED VALE DO SÃO FRANCISCO COOPERATIVA DE TRABALHO MÃDICO;PE;732555117.41;5723086.85;11028849.87
UNIMED DE ARARAQUARA - COOP. DE TRAB. MÃDICO;SP;726996930.86;10097179.6;18564089.76
UNIMED JUNDIAI - COOPERATIVA DE TRABALHO MÃDICO;SP;722296122.81;4175122.1;10023376.05
CENTRO CLÃNICO GAÃCHO LTDA;CE;707723182.77;5402467.04;13489865.43
INSTITUTO CURITIBA DE SAÃDE;PR;707166666.27;78574074.03;132091727.96
UNIMED DE CRICIÃMA COOPERATIVA DE TRABALHO MÃDICO DA REGIÃO CARBONÃFERA;SC;700365115.86;2273912.71;9071004.4
UNIMED CHAPECÃ - COOPERATIVA DE TRABALHO MÃDICO DA REGIÃO OESTE CATARINENSE;SC;686404700.34;7712412.36;17539779.5
COOPERATIVA CENTRAL UNIMED DE COOPERATIVAS DE ASSISTÃNCIA Ã SAÃDE DO RIO GRANDE DO SUL LTDA.;RS;684294746.64;3822875.68;13031565.14
UNIMED REGIONAL DA BAIXA MOGIANA - COOPERATIVA DE TRABALHO MÃDICO;SP;668968779.3;3502454.34;10541892.77
UNIMED CARUARU-COOPERATIVA DE TRABALHO MEDICO;PE;660632517.81;6954026.5;14616315.11
ALICE OPERADORA LTDA.;SP;654959766.04;17701615.3;25899283.25
UNIMED FRANCA - SOCIEDADE COOPERATIVA DE SERVIÃOS MÃDICOS E HOSPITALARES;SP;653638198.65;2494802.28;6848583.12
FUNDAÃÃO COPEL DE PREVIDÃNCIA E ASSISTÃNCIA SOCIAL;PR;642839138.53;18366832.53;46326056.67
UNIMED SANTA MARIA/RS - COOPERATIVA DE ASSISTÃNCIA Ã SAÃDE LTDA;RS;624395752.8;4162638.35;10842945.71
HUMANA SAÃDE LTDA.;PR;620484477.95;4529083.78;11211559.12
ECONOMUS INSTITUTO DE SEGURIDADE SOCIAL;SP;617324370.81;14698199.31;30439239.95
COOPERATIVA DE TRABALHO MÃDICO DE POUSO ALEGRE;MG;601181910.28;3377426.46;10333568.79
UNIMED NOVA IGUACU COOPERATIVA DE TRABALHO MEDICO;RJ;595709818.48;7446372.73;16067214.93
LEVE SAUDE OPERADORA DE PLANOS DE SAUDE S.A;RJ;594314957.34;7819933.65;15692555.86
UNIMED GOVERNADOR VALADARES COOP. DE TRABALHO MÃDICO LTDA.;MG;586683382.52;4808880.18;10857186.45
SOBAM CENTRO MÃDICO HOSPITALAR S.A.;SP;578539073.01;7142457.69;21386339.95
SAMEL PLANO DE SAÃDE LTDA;AM;576070572.51;48005881.04;75420005.53
METRUS INSTITUTO DE SEGURIDADE SOCIAL;SP;566703552.13;21796290.47;62812355.65
ASSOCIACAO DOS AUDITORES FISCAIS DA RECEITA ESTADUAL DE SAO PAULO;SP;566091712.79;29794300.67;70014328.93
UNIMED DO CEARÃ - FEDERAÃÃO DAS SOCIEDADES COOPERATIVAS MÃDICAS DO ESTADO DO CEARÃ LTDA.;CE;563508025.85;10435333.81;18578651.17
DOCTOR CLIN OPERADORA DE PLANOS DE SAÃDE LTDA.;RS;563202408.78;7932428.29;33048451.34
ASSOCIAÃÃO SANTA SAÃDE;SP;562473028.61;10416167.2;23874036.62
UNIMED DE ARACATUBA - COOPERATIVA DE TRABALHO MÃDICO;SP;559327360.62;3142288.54;9940203.68
QUALLITY PRÃ SAÃDE PLANO DE ASSISTÃNCIA MÃDICA LTDA.;DF;551319495.39;13126654.65;31623100.66
CAIXA DE PREVIDÃNCIA E ASSISTÃNCIA DOS SERVIDORES DA FUNDAÃÃO NACIONAL DE SAÃDE - CAPESESP;RJ;548493255.01;27424662.75;71254969.59
UNIMED PATOS DE MINAS COOPERATIVA TRABALHO MÃDICO LTDA.;MG;537930912.1;4269292.95;10474427.88
UNIMED SALTO/ITU - COOPERATIVA MÃDICA;SP;527328330.83;2559846.27;6339763.82
UNIMED DE CAMPOS COOPERATIVA DE TRABALHO MÃDICO;RJ;523257244.89;4397119.7;8689757.35
FUNDAÃÃO CHESF DE ASSISTÃNCIA E SEGURIDADE SOCIAL;PE;518282111.85;12340050.28;45515587.01
UNIMED RONDONOPOLIS COOPERATIVA DE TRABALHO MÃDICO LTDA;MT;518217605.62;2617260.63;8488444.33
BENSAUDE PLANO DE ASSISTENCIA MEDICA HOSPITALAR LTDA.;SP;515987076.24;10749730.76;31381385.49
UNIMED CAMPINA GRANDE - COOPERATIVA DE TRABALHO MEDICO LTDA;PB;507593154.4;11536208.05;23752231.45
H.B. SAÃDE S/A.;SP;504689444.7;12940754.99;29855233.91
ASSOCIAÃÃO DE SAÃDE PORTUGUESA DE BENEFICÃNCIA;SP;504677174.07;18691747.19;19153049.65
UNIMED DE GUARULHOS COOPERATIVA DE TRABALHO MÃDICO;SP;504048014.81;3761552.35;8433192.25
ITAUSEG SAÃDE S.A.;SP;503054604.12;29591447.3;55900218.44
UNIMED PORTO VELHO - SOCIEDADE COOPERATIVA MÃDICA LTDA;RO;502001631.99;4780967.92;8827359.22
UNIMED DE TUBARAO - COOPERATIVA DE TRABALHO MEDICO DA REGIAO DA AMUREL;SC;496985273.74;1794170.66;5722510.98
UNIMED AMPARO COOPERATIVA DE TRABALHO MÃDICO;SP;486083333.77;3329337.9;8457373.36
ASSOCIAÃÃO DE ASSISTÃNCIA Ã SAÃDE DOS EMPREGADOS DA COPASA;MG;474860715.21;13190575.42;26276041.36
AMPLA PLANOS DE SAUDE LTDA;RJ;474281905.32;59285238.16;72281530.74
UNIMED DE LIMEIRA COOPERATIVA DE TRABALHO MÃDICO;SP;470774718.03;3956090.07;10028472.98
CAIXA DE ASSISTÃNCIA DOS EMPREGADOS DO BANCO DO ESTADO DO RIO GRANDE DO SUL;RS;469159594.25;10425768.76;24856060.82
UNIMED RIO VERDE COOPERATIVA TRABALHO MEDICO;GO;466836581.54;3675878.59;11950919.26
ALVORECER - ASSOCIAÃÃO DE SOCORROS MÃTUOS;SP;465398684.48;31026578.97;35273389.68
PROMÃDICA - PROTEÃÃO MEDICA A EMPRESAS S.A.;BA;456661887.08;30444125.81;48717192.01
UNIMED DE DOURADOS COOPERATIVA DE TRABALHO MÃDICO LTDA;MS;452555004.82;3057804.09;5207234.11
UNIMED CENTRO RONDÃNIA COOPERATIVA DE TRABALHO MÃDICO;RO;449565900.06;3431800.76;5275419.31
SERVIÃO SOCIAL DA INDÃSTRIA DO PAPEL, PAPELÃO E CORTIÃA DO ESTADO DE SÃO PAULO - SEPACO;SP;448229393.58;24901632.98;40666945.72
CAIXA DE ASSISTÃNCIA Ã SAÃDE - CABERJ;RJ;446775438.93;7324187.52;18228714.71
UNIMED PLANALTO MÃDIO/RS - COOPERATIVA DE ASSISTÃNCIA Ã SAÃDE LTDA.;RS;446502909.64;6566219.26;9569560.55
UNIMED COSTA OESTE - COOPERATIVA DE TRABALHO MÃDICO;PR;443522365.44;2359161.52;5022170.52
UNIMED VALE DO SEPOTUBA - COOPERATIVA DE TRABALHO MÃDICO;MT;441810595.49;3621398.32;7684758.58
PLANO DE SAÃDE ANA COSTA LTDA.;SP;439686572.12;5428229.29;18296898.08
KLINI PLANOS DE SAÃDE LTDA;RJ;433143044.13;28876202.94;41160489.73
CIRCULO OPERARIO CAXIENSE;RS;429463961.84;5726186.16;10318379.02
UNIMED ANHANGUERA COOPERATIVA DE TRABALHO MÃDICO;SP;426379299.88;4099800.96;8473163.66
UNIMED LESTE PAULISTA COOPERATIVA DE TRABALHO MÃDICO;SP;425493863.51;1866201.16;5463630.01
AUSTACLINICAS ASSISTÃNCIA MÃDICA E HOSPITALAR LTDA;SP;422421220.8;6034588.87;10769063.21
INTEGRA ASSISTENCIA MEDICA SA;SP;416455711.72;52056963.96;75421078.63
UNIMED DO SUDOESTE COOPERATIVA DE TRABALHO MEDICO LTDA;BA;414029160.29;3508721.7;5893237.44
UNIMED REGIONAL JAU - COOPERATIVA DE TRABALHO MÃDICO;SP;412878246.06;2243903.51;6432051.3
2CARE OPERADORA DE SAÃDE LTDA.;SP;411890291.79;10046104.68;21020832.02
UNIMED PELOTAS/RS - COOPERATIVA DE ASSISTÃNCIA Ã SAÃDE LTDA.;RS;404185353.53;4989942.64;6969459.52
BIOVIDA SAÃDE LTDA.;SP;401604330.66;33467027.56;46578256.84
UNIMED DE BOTUCATU COOPERATIVA DE TRABALHO MÃDICO;SP;399227011.53;5118295.02;9293118.1
NOSSA SAÃDE - OPERADORA PLANOS PRIVADOS DE ASSISTÃNCIA  Ã SAÃDE LTDA.;PR;389411514.5;5900174.46;10219184.3
UNIMED DO CARIRI - SOCIEDADE COOPERATIVA MÃDICA LTDA;CE;389268468.92;6829271.38;16028752.09
ASSOCIAÃÃO DR. BARTHOLOMEU TACCHINI;RS;385500393.99;5669123.44;12882166.74
FUNDAÃÃO CELESC DE SEGURIDADE SOCIAL - CELOS;SC;385094625.66;7550875.01;18991099.72
UNIMED ANÃPOLIS COOPERATIVA DE TRABALHO MÃDICO.;GO;384494380.27;2089643.37;5323661.83
UNIMED DE BEBEDOURO COOPERATIVA DE TRABALHO MÃDICO;SP;382419340.44;3607729.63;6453234.96
ABERTTA SAÃDE - ASSOCIAÃÃO BENEFICENTE DOS EMPREGADOS DA ARCELORMITTAL NO BRASIL;MG;380795151.6;5858386.95;13569799.43
UNIMED NOROESTE CAPIXABA COOPERATIVA DE TRABALHO MÃDICO.;ES;377008622.13;4383821.19;5961012.61
ASSOCIAÃÃO EVANGELICA BENEFICENTE DE LONDRINA;PR;374050199.85;3369821.62;8061012.47
UNIMED NOROESTE/RS - SOCIEDADE COOPERATIVA DE ASSISTÃNCIA Ã SAÃDE LTDA.;RS;373079030.62;2261085.03;3952075.87
CAIXA DE ASSISTÃNCIA DOS EMPREGADOS DA EMPRESA BRASILEIRA DE PESQUISA  AGROPECUÃRIA;DF;362269058.5;25876361.32;34884050.96
UNIMED CENTRO OESTE PAULISTA - FEDERAÃÃO INTRAFEDERATIVA DAS COOPERATIVAS MÃDICAS;SP;359039455.81;11967981.86;19021137.15
UNIMED ARARUAMA COOPERATIVA DE TRABALHO MÃDICO LTDA;RJ;357011836.07;2017016.02;5399958.51
ASSOCIAÃÃO ASSISTENCIAL DE SAÃDE SUPLEMENTAR CRUZ AZUL SAÃDE;SP;354986470.53;29582205.88;46021829.33
UNIMED PALMAS COOPERATIVA DE TRABALHO MÃDICO;TO;354478654.42;2606460.69;4667858.34
UNIMED VARGINHA COOPERATIVA DE TRABALHO MÃDICO;MG;352741757.2;2416039.43;5676721.01
UNIMED PATO BRANCO SOCIEDADE COOPERATIVA DE MÃDICOS;PR;344736072.54;1947661.43;4452036.59
PROASA SAÃDE;DF;343886362.8;10420798.87;23717584.16
PLENA SAÃDE S.A.;SP;340423575.81;5769891.12;12049925.46
LIV LINHAS INTELIGENTES DE ATENÃÃO Ã VIDA S/A;SP;339285395.26;2950307.78;9048633.28
SERMED-SAÃDE LTDA.;SP;335321062.97;3224240.99;10944027.41
S.P.A SAUDE- SISTEMA DE PROMOÃÃO ASSISTENCIAL;SP;334958240.17;11165274.67;21540445.6
UNIMED DE RIO CLARO SP COOPERATIVA DE TRABALHO MEDICO;SP;332045997.11;1307267.71;2900062.25
UNIMED CONSELHEIRO LAFAIETE COOPERATIVA DE TRABALHO MÃDICO LTDA;MG;323483728.59;1676081.5;4114362.48
IRMANDADE DA SANTA CASA DE MISERICÃRDIA DE PIRACICABA;SP;323476234.39;16173811.72;29657930.13
LIFE EMPRESARIAL SAÃDE LTDA.;SP;322517470.51;8062936.76;21243930.8
FUNDAÃÃO SANEPAR DE ASSISTÃNCIA SOCIAL;PR;322516582.51;12404483.94;33264140.92
UNIMED POÃOS DE CALDAS - SOC. COOP. DE TRAB. E SERVIÃOS MÃDICOS;MG;320425757.77;2966905.16;7171368.06
UNIMED RIO BRANCO COOPERATIVA DE TRABALHO MEDICO LTDA;AC;315566972.19;2076098.5;4486029.67
UNIÃO MÃDICA PLANOS DE SAÃDE S/A;BA;313644582.58;6534262.14;8419995.17
UNIMED DE CATANDUVA - COOPERATIVA DE TRABALHO MÃDICO;SP;311312452.17;2572830.18;4598574.19
SÃO LUCAS SAÃDE S/A;SP;307697011.49;9925710.05;19579172.33
UNIMED REGIONAL DE CAMPO MOURÃO COOP TRAB MEDICO ;PR;301880269.93;3317365.6;5997656.02
LUMINAR SAÃDE - ASSOCIAÃÃO DE ASSISTÃNCIA Ã SAÃDE;DF;300436903.0;5270822.86;15280336.82
UNIMED NORTE CAPIXABA- COOPERATIVA DE TRABALHO MÃDICO;ES;300129898.21;2143784.99;4966871.11
UNIMED MARANHÃO DO SUL - COOPERATIVA DE TRABALHO MÃDICO;MA;296600018.51;2353968.4;4110412.08
UNIMED DE ASSIS COOPERATIVA DE TRABALHO MÃDICO;SP;295797933.27;1408561.59;3599206.88
SAUDE PAS - MEDICINA E ODONTO;RS;295529575.17;24627464.6;43876955.43
FUNDAÃÃO AFFEMG DE ASSISTÃNCIA E SAÃDE - FUNDAFFEMG;MG;291240959.0;13868617.1;27204920.55
UNIMED NORDESTE PAULISTA - FED. INTRAFEDERATIVA DAS COOP. MÃDICAS;SP;286769744.78;5310550.83;10682588.93
UNIMED GUARAPUAVA COOPERATIVA DE TRABALHO MÃDICO;PR;285374588.82;2418428.72;2685749.4
UNIMED TEOFILO OTONI COOPERATIVA DE TRABALHO MÃDICO;MG;285097430.79;5183589.65;7891210.83
CAIXA DE ASSISTÃNCIA OSWALDO CRUZ;RJ;284756073.14;11864836.38;28294018.25
UNIMED MONTES CLAROS COOPERATIVA DE  TRABALHO MÃDICO LTDA.;MG;280324396.22;2644569.78;5374307.21
UNIMED ENCOSTA DA SERRA/RS SOCIEDADE COOPERATIVA DE SERVIÃOS DE SAÃDE LTDA.;RS;280122451.38;3374969.29;5899734.11
OPERADORA UNIESTE DE PLANOS DE SAÃDE LTDA;RJ;277385890.86;6164130.91;14398880.98
SANTA CASA DE MISERICÃRDIA DE JUIZ DE FORA;MG;277292881.06;4018737.41;8233697.95
UNIMED DE OURINHOS - COOPERATIVA DE TRABALHO MÃDICO;SP;275392261.92;3278479.31;5679113.56
PLANO DE SAÃDE DA SANTA CASA DE BRAGANÃA PAULISTA;SP;274135701.62;5711160.45;11237916.37
UNIMED PETROPOLIS-RJ COOPERATIVA DE TRABALHO MÃDICO;RJ;273656791.48;2359110.27;5528285.27
UNIMED COSTA DO DESCOBRIMENTO COOPERATIVA DE TRABALHO MÃDICO;BA;272333358.45;2618589.99;5455914.17
UNIMED VALE DO CAÃ/RS - COOPERATIVA DE ASSISTÃNCIA Ã SAÃDE LTDA.;RS;266791319.82;2540869.71;5546840.05
CABERJ INTEGRAL SAÃDE S.A;RJ;262541076.05;5250821.52;12683688.52
UNIMED DE BARRA MANSA SOC. COOP. SERV.MED.E HOSPIT.;RJ;261983928.84;3638665.68;7361662.09
UNIMED DE BRUSQUE COOPERATIVA DE TRABALHO MÃDICO;SC;257527593.43;1728373.11;3784054.38
MÃTUA DOS MAGISTRADOS DO ESTADO DO RIO DE JANEIRO;RJ;253746936.16;28194104.02;31508182.62
SAÃDE BRB - CAIXA DE ASSISTÃNCIA ;DF;253291991.45;5628710.92;14233483.79
POLICLIN SAÃDE S/A.;SP;247557058.52;4760712.66;15776166.02
UNIMED EXTREMO SUL COOPERATIVA DE TRABALHO MÃDICO;BA;245520341.83;1888618.01;2931901.4
UNIMED DE SÃO ROQUE - COOPERATIVA DE TRABALHO MÃDICO;SP;244844832.98;2524173.54;4719833.72
FUNDAÃÃO FIAT SAÃDE E BEM ESTAR;MG;243461950.87;17390139.35;26479889.45
UNIMED DE PARANAGUÃ COOPERATIVA DE TRABALHO MÃDICO;PR;243445662.56;3005502.01;4864634.27
UNIMED MISSÃES/RS - COOPERATIVA DE ASSISTÃNCIA Ã SAÃDE LTDA.;RS;242992324.54;2670245.32;3869355.44
UNIHOSP SAÃDE LTDA;SP;241133786.26;16075585.75;24412580.51
UNIMED CURVELO COOPERATIVA DE TRABALHO MÃDICO LTDA.;MG;240975857.26;1331358.33;3528973.87
UNIMED METROPOLITANA DO AGRESTE - COOPERATIVA DE TRABALHO MÃDICO;AL;237706613.72;1980888.45;3791890.52
MED-TOUR ADMINISTRADORA DE BENEFÃCIOS E EMPREENDIMENTOS LTDA.;SP;236903882.86;8774217.88;17187641.27
UNIMED RESENDE COOPERATIVA DE TRABALHO MÃDICO;RJ;234999631.78;2865849.17;5015088.68
UNIMED BARRA DO GARÃAS - COOPERATIVA DE TRABALHO MÃDICO;MT;234178329.05;1385670.59;2652538.93
ASSOCIAÃÃO FCA SAÃDE;MG;233950300.9;15596686.73;24926216.52
UNIMED ARAXÃ COOPERATIVA DE TRABALHO MÃDICO LTDA.;MG;232896371.55;1848383.9;3193444.49
UNIMED DE CATALÃO COOPERATIVA DE TRABALHO MÃDICO;GO;231571312.81;2490014.12;6548120.56
UNIMED NORTE FLUMINENSE COOPERATIVA DE TRABALHO MEDICO;RJ;228393727.22;3172135.1;4977573.79
UNIMED LITORAL SUL/RS - COOPERATIVA DE ASSISTÃNCIA Ã SAÃDE LTDA.;RS;225685396.01;1194102.62;2765197.01
CAIXA DE ASSISTENCIA A SAUDE DA UNIVERSIDADE;MG;224137761.92;6226048.94;17774369.37
SIM - CAIXA DE ASSISTÃNCIA Ã SAÃDE;SC;224108530.81;9337855.45;21064791.56
UNIMED CABO FRIO COOPERATIVA TRABALHO MÃDICO LTDA.;RJ;223894111.01;3244842.19;7314295.1
UNIMED DE PINDAMONHANGABA - COOPERATIVA TRABALHO MEDICO;SP;221672264.18;1198228.46;4906681.4
IRMANDADE SANTA CASA DE MISERICÃRDIA DE MARINGÃ;PR;221142474.69;3566814.11;6768228.63
CENTRAL REGIONAL DAS COOPERATIVAS MÃDICAS - UNIMED CERRADO;GO;218104275.58;3407879.31;8305925.15
UNIMED INCONFIDENTES COOPERATIVA DE TRABALHO MÃDICO LTDA.;MG;216367234.68;1744897.05;3702985.1
ELOSAÃDE - ASSOCIAÃÃO DE ASSISTÃNCIA Ã SAÃDE;SC;216174296.74;4411720.34;9956252.43
UNIMED DE PARANAVAÃ COOPERATIVA DE TRABALHO MÃDICO;PR;213080441.27;2316091.75;3380522.27
ASSOCIAÃÃO SÃO FRANCISCO VIDA;SP;212704208.55;7877933.65;16528608.98
UNIMED MEIO OESTE CATARINENSE COOPERATIVA DE TRABALHO MÃDICO;SC;210619388.16;1170107.71;2503883.64
UNIMED DE MANAUS COOP. DO TRABALHO MÃDICO LTDA;AM;209773599.43;4370283.32;10440310.57
BENEFICENCIA CAMILIANA DO SUL;SP;209505152.72;7224315.61;16491971.8
ASSOCIAÃÃO ADVENTISTA NORTE BRASILEIRA DE PREVENÃÃO E ASSISTÃNCIA A SAÃDE;PA;207945240.66;13863016.04;14038054.35
ASSOCIAÃÃO DA SANTA CASA SAÃDE DE RIBEIRÃO PRETO;SP;207357041.09;6098736.5;8227158.11
UNIMED REGIONAL SUL GOIAS COOP. DE TRABALHO MÃDICO LTDA;GO;206894774.77;2686945.13;5502281.46
UNIMED APUCARANA COOPERATIVA DE TRABALHO MÃDICO;PR;203166876.8;2362405.54;4429920.6
UNIMED DE CAÃAPAVA - COOPERATIVA DE TRABALHO MEDICO;SP;202197545.7;1081270.3;2334517.59
UNIMED ALTO VALE - COOPERATIVA DE TRABALHO MÃDICO;SC;199544068.12;871371.48;2085996.62
HBC SAÃDE LTDA.;SP;198288372.63;11016020.7;14213213.69
UNIMED OESTE DO PARANA - COOPERATIVA DE TRABALHO MEDICO;PR;195898402.19;994408.13;2230398.9
UNIMED DE LENÃOIS PAULISTA - COOPERATIVA DE TRABALHO MÃDICO;SP;193573895.24;1843560.91;4544403.58
FUNDAÃAO COMPESA DE PREVIDENCIA E ASSISTENCIA - COMPESAPREV;PE;193531738.79;6451057.96;18181532.58
UNIMED ERECHIM - COOPERATIVA DE SERVIÃOS DE SAÃDE LTDA.;RS;190786343.13;1445351.08;2481284.58
UNIMED NOROESTE DO PARANÃ COOP DE TRABALHO MÃDICO .;PR;190562519.7;1465865.54;3253656.48
COOPERATIVA DE TRABALHO MEDICO REGIÃO DO PLANALTO SERRANO;SC;189163181.48;753638.17;2168342.4
UNIMED REGIONAL DE TRES LAGOAS COOPERATIVA DE TRABALHO MÃDICO;MS;188120519.64;1650180.0;7329301.84
UNIMED BARBACENA - COOPERATIVA DE TRABALHO MÃDICO LTDA;MG;185785232.1;1895767.67;3719241.82
IRMANDADE DA SANTA CASA DE MISERICÃRDIA DE RIO CLARO;SP;185035529.25;2229343.73;5587761.59
UNIMED PARÃ DE MINAS COOPERATIVA DE TRABALHO MÃDICO LTDA.;MG;184058724.19;1333758.87;2524110.33
ASSOCIAÃÃO DOS SERVIDORES FISCAIS DO ESTADO DA BAHIA;BA;182281155.89;7010813.69;17104904.33
ASSOCIAÃÃO BENEFICENTE DE ASSISTÃNCIA A SAÃDE DOS JUÃZES DO TRABALHO DA 15Âª REGIÃO (ABAS 15);SP;181987293.59;15165607.8;24391777.92
UNIMED VALE DO AÃO COOPERATIVA DE TRABALHO MÃDICO;MG;181757569.53;2330225.25;5215394.66
UNIMED OS BANDEIRANTES COOPERATIVA DE TRABALHO MÃDICO;SP;181379866.55;1462740.86;3709522.17
UNIMED MURIAÃ COOPERATIVA DE TRABALHO MEDICO LTDA;MG;181048139.37;3481694.99;7076627.26
CAIXA ASSISTENCIAL E BENEFICENTE DOS FUNCIONÃRIOS DA ACARESC;SC;180794337.32;7533097.39;16412902.94
ASSOCIAÃÃO PADRE ALBINO SAÃDE;SP;179748132.62;9986007.37;13130065.2
CENTRO HOSPITALAR ATIBAIA LTDA.;SP;179642797.77;14970233.15;26453808.43
UNIMED DE LINS - COOPERATIVA DE TRABALHOS MÃDICOS;SP;179323057.85;1358508.01;2514446.85
AMESC - ASSOCIAÃÃO MÃDICA ESPÃRITA CRISTÃ;RJ;177559551.29;3859990.25;9050734.6
FUNDAÃÃO DE SAÃDE ITAIGUAPY;PR;176997308.14;5363554.79;12560435.51
UNIMED EXTREMO OESTE CATARINENSE COOPERATIVA DE TRABALHO MÃDICO;SC;176557649.75;1032500.88;2192578.77
UNIMED SÃO JOÃO DEL REI - COOPERATIVA DE TRABALHO MÃDICO;MG;176120655.49;1198099.7;2311222.4
UNIMED ITABIRA COOPERATIVA DE TRABALHO MÃDICO;MG;174663478.99;4478550.74;5607935.11
SELECT OPERADORA DE PLANO DE SAUDE LTDA;GO;173116683.11;8243651.58;17232767.33
UNIMED JOÃO MONLEVADE COOPERATIVA DE TRABALHO MÃDICO LTDA.;MG;171835955.68;1456236.91;3875456.19
UNIMED DE JABOTICABAL COOP. DE TRABALHO MÃDICO;SP;171553703.49;1491771.33;3076717.89
ASSOCIAÃÃO SANTA CASA SAÃDE DE ARAÃATUBA;SP;171343521.43;2483239.44;5123500.21
UNIMED DE TATUI - COOPERATIVA DE TRABALHO MÃDICO;SP;170017315.58;1250127.32;2187689.61
UNIMED LAVRAS COOPERATIVA DE TRABALHO MÃDICO;MG;168630712.96;873734.26;2710390.78
UNIMED DE LORENA COOPERATIVA DE TRABALHO MÃDICO;SP;167574830.9;1509683.16;5226494.75
UNIMED CENTRO SUL FLUMINENSE COOPERATIVA DE TRABALHO MÃDICO;RJ;167495546.07;1495495.95;3098098.57
CAIXA DE ASSISTÃNCIA DOS SERVIDORES FAZENDÃRIOS ESTADUAIS;CE;167108484.68;18567609.41;30745174.3
AGROS - INSTITUTO UFV DE SEGURIDADE SOCIAL;MG;160740289.25;5953344.05;16163153.72
UNIMED FRONTEIRA NOROESTE/RS - COOPERATIVA DE ASSISTÃNCIA Ã SAÃDE LTDA.;RS;160706506.61;979917.72;2513297.65
UNIMED NORTE PIONEIRO - COOPERATIVA DE TRABALHO MÃDICO;PR;160537041.37;1672260.85;3273934.4
OESTE SAÃDE ASSISTÃNCIA A SAÃDE SUPLEMENTAR S.A;SP;159957469.42;4998670.92;8206970.0
ASSOCIAÃÃO BENEFICENTE DOS PROFESSORES PÃBLICOS ATIVOS E INATIVOS DO RIO DE JANEIRO - APPAI;RJ;159229813.43;26538302.24;28453350.32
CAIXA DE ASSISTÃNCIA Ã SAÃDE DOS SERVIDORES PÃBLICOS DO ESTADO DO MATO GROSSO DO SUL;MS;158227074.42;7534622.59;12461199.06
CAIXA DE ASSISTÃNCIA DOS EMPREGADOS DA SANEAGO;GO;157382827.88;19672853.49;30517523.55
FUNDAÃÃO DE SEGURIDADE SOCIAL DA ARCELORMITTAL BRASIL - FUNSSEST;ES;154395998.75;14035999.89;24781127.71
UNIMED ARAGUARI COOPERATIVA DE TRABALHO MÃDICO ;MG;153943599.67;1466129.52;3322644.37
SAÃDE SANTA TEREZA LTDA.;SP;153604171.49;5689043.39;11355004.05
OPERADORA UNICENTRAL DE PLANOS DE SAÃDE LTDA.;SP;151654074.6;3610811.3;6938562.89
ASSOCIAÃAO DOS FUNCIONARIOS PUBLICOS DO ESTADO DO RIO GRANDE DO SUL;RS;150835034.39;4189862.07;8306012.23
METLIFE PLANOS ODONTOLÃGICOS LTDA.;SP;148106532.03;9873768.8;16302674.01
SANTA CASA DE MAUÃ SAÃDE;SP;147531900.01;12294325.0;18968397.86
UNIMED ITUIUTABA COOPERATIVA TRABALHO MÃDICO LTDA.;MG;144982473.82;1081958.76;2331693.96
ELETROS SAÃDE - ASSOCIAÃÃO DE ASSISTÃNCIA Ã SAÃDE;RJ;144254841.31;3354763.75;7634926.49
UNIMED TRÃS RIOS COOPERATIVA DE TRABALHO MÃDICO;RJ;143741110.39;1368962.96;2885216.47
UNIMED ITAJUBA COOPERATIVA DE TRABALHO MEDICO;MG;143614657.64;1367758.64;4066574.57
UNIMED ALTA MOGIANA COOPERATIVA DE TRABALHO MÃDICO;SP;142775638.23;1386171.24;2831385.29
UNIMED ITAÃNA COOPERATIVA DE TRABALHO MÃDICO LTDA.;MG;142062757.08;830776.36;2763219.01
ASSISTÃNCIA MÃDICA SÃO MIGUEL LTDA;SP;142014083.89;11834506.99;14602449.85
SAMI ASSISTÃNCIA MÃDICA LTDA;SP;141655650.89;10118260.78;19298469.03
COOPERATIVA DE TRABALHO MEDICO DE ARAGUAÃNA - UNIMED ARAGUAÃNA;TO;138704209.04;580352.34;1520810.1
UNIMED DE GUARATINGUETA-COOPERATIVA DE TRABALHO MÃDICO;SP;138373501.92;2345313.59;3860273.85
VIVACOM PLANOS DE SAÃDE;GO;137954559.54;4598485.32;9756291.87
UNIMED VALE DAS ANTAS, RS - COOPERATIVA DE ASSISTÃNCIA Ã SAÃDE LTDA.;RS;136923002.54;1342382.38;3361829.98
CAIXA DE ASSISTÃNCIA DOS EMPREGADOS DO SISTEMA FINANCEIRO BANESTES;ES;136502854.02;9100190.27;13584879.85
UNIMED SAÃDE E ODONTO S.A;SP;136168667.44;6484222.26;11949847.21
UNIMED OESTE DO PARÃ - COOPERATIVA DE TRABALHO MÃDICO;PA;136042176.96;9069478.46;11246945.71
PARANA ASSISTENCIA MEDICA LTDA;PR;135117962.09;1732281.57;5605191.28
UNIMED SUL PAULISTA - COOPERATIVA DE TRABALHO MÃDICO;SP;134336664.54;1370782.29;2994868.61
TEMPO MED PLANO DE SAUDE LTDA;SC;133639690.18;2227328.17;4601403.41
GARANTIA DE SAÃDE LTDA;SP;133223338.21;8881555.88;13773210.6
ASSOCIAÃÃO DE ASSISTÃNCIA Ã SAÃDE DA AMAGIS;MG;132683142.21;7371285.68;12137468.63
IRMANDADE DA SANTA CASA DE MISERICORDIA DE LIMEIRA;SP;132507259.48;2944605.77;5401559.84
NOVA SAÃDE OPERADORA INTEGRADA DE SAÃDE LTDA;RJ;131535372.09;21922562.02;29163262.31
SULMED - ASSISTÃNCIA MÃDICA LTDA;RS;130735624.71;2466709.9;8211900.01
ESMALE ASSISTENCIA INTERNACIONAL DE SAUDE LTDA.;AL;130389989.32;14487776.59;13507217.75
COOPERATIVA DE TRABALHO MÃDICO DO PLANALTO NORTE DE SANTA CATARINA LTDA;SC;128215391.16;708372.33;1326978.28
UNIODONTO DE CAMPINAS COOPERATIVA ODONTOLÃGICA;SP;127615844.25;4253861.48;7285632.81
UNIMED DE SOBRAL SOCIEDADE COOPERATIVA MÃDICA LTDA;CE;127147663.32;2399012.52;3378048.65
GOCARE PLANOS DE SAUDE LTDA;SP;124817850.15;2600371.88;5198207.04
PLADISA PLANOS DE SAÃDE SA;SC;122683089.14;2555897.69;7868311.39
ASSOCIAÃÃO DE SAÃDE DO VALE;SC;122362738.43;10196894.87;12626269.44
PLAMED PLANO DE ASSISTENCIA MEDICA LTDA;SE;121171687.29;13463520.81;13480680.89
AMHE MED ASSISTENCIA A SAUDE LTDA - EPP;SP;120612567.03;8040837.8;13119684.71
MATÃO CLINICAS & AMHMA SAÃDE LTDA;SP;120311249.25;2406224.98;5350828.31
BEST SENIOR OPERADORA DE SAÃDE LTDA;ES;117719337.13;3923977.9;8954504.8
UNIMED CENTRO PAULISTA - FEDERAÃÃO INTRAFEDERATIVA DAS COOPERATIVAS MÃDICAS;SP;117169193.72;6509399.65;10483782.28
PRONTOMED PLANOS DE SAÃDE LTDA;MG;116706968.18;2431395.17;7265202.04
FUNDACAO LEONOR DE BARROS CAMARGO;SP;116706558.4;6483697.69;9582629.09
ASSOCIAÃÃO POLICIAL DE ASSISTÃNCIA Ã SAÃDE;SP;116683970.15;2845950.49;6717576.3
SUL AMÃRICA ODONTOLÃGICO S/A;SP;116558962.77;2913974.07;5392118.4
UNIMED DE ANDRADINA - COOPERATIVA DE TRABALHO MÃDICO;SP;116446147.76;962364.86;1380475.84
UNIMED GUAXUPÃ COOPERATIVA DE TRABALHO MEDICO;MG;116037177.15;800256.39;1438634.21
VITA ASSISTÃNCIA A SAÃDE LTDA.;MG;115568137.09;2407669.52;5021893.79
ASSOCIAÃÃO DE SAÃDE DOS FORNECEDORES DE CANA DE PIRACICABA E REGIÃO;SP;115422240.27;5496297.16;8050556.68
UNIMED PATROCÃNIO COOPERATIVA DE TRABALHO MÃDICO LTDA.;MG;114894954.68;1914915.91;3469227.58
CAIXA ASSISTENCIAL UNIVERSITÃRIA DO RIO GRANDE DO NORTE;RN;114442939.89;6357941.1;10712338.22
UNIMED DE IBITINGA COOPERATIVA DE TRABALHO MÃDICO;SP;114084890.03;1462626.8;2600837.21
CAIXA DE ASSISTÃNCIA Ã SAUDE DOS EMPREGADOS DA CODEVASF - CASEC;DF;113370861.01;12596762.33;20344282.55
AMEPLAN ASSISTÃNCIA MÃDICA PLANEJADA LTDA;SP;112922790.17;3764093.01;7090995.98
ASSOCIAÃÃO DE ASSISTÃNCIA MÃDICO HOSPITALAR DOS MAGISTRADOS DO ESTADO DO PARANÃ;PR;112254499.88;6236361.1;7356244.27
UNIMED SÃO LOURENÃO COOPERATIVA DE TRABALHO MÃDICO;MG;111749913.19;770689.06;1755957.12
UNIMED ALTO DA SERRA - SOCIEDADE COOPERATIVA DE SERVIÃO MÃDICO LTDA.;RS;110628711.46;1084595.21;1906743.01
UNIMED NORTE PAULISTA - COOPERATIVA DE TRABALHO MÃDICO;SP;109861978.62;722776.18;1250888.97
UNIMED COSTA VERDE RJ;RJ;109793864.26;1591215.42;2521434.58
UNIMED DE AVARÃ COOPERATIVA DE TRABALHO MÃDICO;SP;109521397.29;805304.39;1351434.82
SANTA CASA DE MISERICORDIA DE SAO JOAQUIM DA BARRA;SP;108971377.58;1878816.85;3595819.75
ASSOCIAÃÃO MINEIRA DE ASSISTÃNCIA Ã SAÃDE DOS MEMBROS DO MINISTÃRIO PÃBLICO;MG;108597203.43;15513886.2;18617729.36
UNIMED CAÃADOR COOPERATIVA DE TRABALHO MÃDICO DA REGIÃO DO CONTESTADO;SC;108350332.93;1062258.17;2442322.89
CAIXA DE ASSISTÃNCIA Ã SAÃDE DO SINDICATO DOS FUNCIONÃRIOS INTEGRANTES DO GRUPO OCUPACIONAL ADMINISTRAÃÃO TRIBUTÃRIA DO ESTADO DE PERNAMBUCO;PE;107477510.29;4478229.6;11517622.06
SÃO DOMINGOS SAÃDE- ASSISTÃNCIA MÃDICA  LTDA;SP;107464992.25;2985138.67;6151378.98
UNIMED DE BIRIGUI - COOPERATIVA DE TRABALHO MÃDICO;SP;106107221.63;702696.83;1793450.12
ASSOCIAÃÃO DO PLANO DE SAÃDE DA SANTA CASA DE MISERICÃRDIA DE ITABUNA - PLANSUL;BA;105512953.94;1884159.89;3433461.79
UNIMED ALTO SÃO FRANCISCO COOPERATIVA DE TRABALHO MÃDICO;MG;105015945.55;719287.3;1857611.13
AMHA SAUDE S/A;SP;104949350.53;3279667.2;7783283.66
UNIMED MARQUES DE VALENÃA COOPERATIVA DE TRABALHO MÃDICO LTDA.;RJ;104614173.87;1394855.65;1843804.46
SISTEMAS E PLANOS DE SAÃDE LTDA.;SP;103937544.18;9448867.65;16163567.01
CAIXA DE ASSISTÃNCIA DOS FUNCIONÃRIOS DO BANCO DA AMAZÃNIA - CASF;PA;103629830.36;2657175.14;6330406.07
FUNDAÃÃO LIBERTAS DE SEGURIDADE SOCIAL;MG;103307829.27;2869661.92;8953983.87
UNIMED NOROESTE FLUMINENSE - COOPERATIVA DE TRABALHO MÃDICO LTDA;RJ;103306207.58;3443540.25;5581697.16
HOSPITAIS E CLÃNICAS DO PIAUÃ S/S LTDA;PI;102931097.99;3812262.89;6207022.87
ASSOCIAÃÃO SAÃDE SÃO JOSÃ;SC;100029178.73;1695409.81;5221439.37
INSTITUIÃÃO BENEFICENTE CEL MASSOT - IBCM;RS;98913688.97;4121403.71;6325069.37
SÃO FRANCISCO ASSISTÃNCIA MÃDICA LTDA;PE;97870907.35;5437272.63;6179738.35
ASSOCIAÃÃO MAIS SAÃDE SANTA CASA DE SÃO JOÃO DA BOA VISTA;SP;96593314.1;5366295.23;8248617.67
UNIMED DE TAUBATÃ COOPERATIVA DE TRABALHO MÃDICO;SP;94108440.01;970190.1;2304879.66
DENTAL UNI - COOPERATIVA ODONTOLÃGICA;PR;92725327.44;5151407.08;6240551.11
UNIMED NORTE DO PARANÃ COOPERATIVA REGIONAL DE TRABALHO MÃDICO;PR;92695628.98;696959.62;1413906.05
ASSOCIAÃÃO POLICIAL DE ASSISTÃNCIA Ã SAÃDE DE BAURU;SP;92533143.06;7711095.26;14111470.69
UNIMED SUDOESTE DE MINAS COOPERATIVA DE TRABALHO MÃDICO;MG;91837271.9;1080438.49;2869990.63
ASSOCIAÃÃO SÃO LUIZ SAÃDE;SP;91717430.84;3057247.69;6591243.16
UNIMED DE UBA COOPERATIVA DE TRABALHO MEDICO;MG;91497351.63;709281.8;1737855.38
SAMOC S.A. - SOCIEDADE ASSISTENCIAL MÃDICA E ODONTO CIRÃRGICA;RJ;91474158.13;3387931.78;6281119.16
UNIMED VALE DO JAURU COOPERATIVA DE TRABALHO MÃDICO;MT;91067136.56;1230636.98;3011826.24
AMAZÃNIA PLANOS DE SAÃDE LTDA;PA;90607567.52;6040504.5;10541745.38
CAIXA DE ASSISTÃNCIA SISTEMA SAÃDE INTEGRAL-SSI SAUDE;RS;90539084.03;15089847.34;15197763.85
ÃNICA ASSISTENCIA MEDICA LTDA ;SP;90035865.85;15005977.64;19063013.54
IRMANDADE DE MISERICÃRDIA DO HOSPITAL DA SANTA CASA DE MONTE ALTO;SP;89978220.51;2726612.74;4375677.74
UNIMED GURUPI COOPERATIVA DE TRABALHO MÃDICO;TO;89768742.44;606545.56;1134837.74
CAIXA DE ASSISTÃNCIA AOS MEMBROS DA DEFENSORIA PÃBLICA DO ESTADO DO RIO DE JANEIRO;RJ;87790769.33;4389538.47;6260721.8
IRMANDADE DA SANTA CASA DE MISERICÃRDIA DE PASSOS;MG;87298069.51;1647133.39;2977412.36
ASSOCIAÃÃO FUNDO DE PROTEÃÃO Ã SAÃDE;PR;87200555.69;4844475.32;8265042.99
UNIMED DE CAPIVARI -COOPERATIVA DE TRABALHO MÃDICO;SP;86466231.02;514679.95;1357336.06
PLANO DE SAUDE ASES LTDA.;RJ;86378293.46;2056626.03;4208989.77
LEADER ASSISTÃNCIA MÃDICA E HOSPITALAR LTDA.;SP;85394287.78;28464762.59;12785512.2
UNIMED NOROESTE DE MINAS COOPERATIVA DE TRABALHO MEDICO LTDA;MG;83887535.38;783995.66;1767991.42
UNIMED TRÃS CORAÃÃES COOPERATIVA DE TRABALHO MÃDICO LTDA.;MG;81876413.85;852879.31;1723635.57
UNIMED CATAGUASES COOPERATIVA DE TRABALHO MÃDICO LTDA;MG;81653519.29;497887.31;960381.12
ANAFE SAUDE;GO;81122122.6;4506784.59;10259942.36
UNIMED DE MINEIROS COOPERATIVA DE TRABALHO MÃDICO ;GO;81000994.31;880445.59;1762988.35
UNIMED DE BARRETOS COOPERATIVA DE TRABALHO MÃDICO;SP;80819958.63;1171303.75;1973068.32
UNIMED DE TUPA COOPERATIVA DE TRABALHO MÃDICO;SP;80762335.46;791787.6;1192745.22
UNIMED VILHENA - COOPERATIVA DE TRABALHO MEDICO LTDA;RO;80642194.18;1075229.26;1676392.34
UNIMED INTRAFEDERATIVA FEDERAÃÃO REGIONAL SUL DE MINAS;MG;78708982.99;8745442.55;14361155.69
ASSOCIAÃÃO DOS AUDITORES FISCAIS DO ESTADO DA PARAÃBA - AFRAFEP;PB;78567423.02;13094570.5;16588229.74
UNIMED DE PIRASSUNUNGA COOPERATIVA DE TRABALHO MÃDICO;SP;78210221.26;1372109.14;2412960.3
ASSOCIAÃÃO DOS FUNCIONÃRIOS DO FISCO DO ESTADO DE GOIÃS;GO;77522620.19;7752262.02;12497832.52
UNIMED PONTAL DO TRIÃNGULO - COOPERATIVA DE TRABALHO MÃDICO;MG;77338063.04;666707.44;1738264.96
UNIMED CARATINGA - COOPERATIVA DE TRABALHO MÃDICO LTDA;MG;76651297.38;1110888.37;1709738.24
SAÃDE BRASIL ASSISTÃNCIA MÃDICA LTDA.;SP;76487958.58;5099197.24;5422108.23
MAIS SAÃDE PLANO DE SAÃDE LTDA;GO;76270201.63;12711700.27;6795177.59
GS PLANO GLOBAL DE SAÃDE LTDA;RJ;75605754.58;2043398.77;3864638.67
UNIMED FRUTAL COOPERATIVA DE TRABALHO MEDICO LTDA;MG;75523564.44;363094.06;913777.98
CONFERÃNCIA SÃO JOSÃ DO AVAÃ;RJ;75500542.0;2796316.37;3820098.4
SANTA CASA DE MISERICÃRDIA DE VOTUPORANGA;SP;75500407.37;2435497.01;3937519.38
UNITY SERVIÃOS INTEGRADOS DE SAÃDE LTDA.;DF;74783103.03;3251439.26;6686081.89
UNIMED VIÃOSA - COOPERATIVA DE TRABALHO MÃDICO;MG;73730866.4;619587.11;1327003.42
IRMANDADE DE MISERICORDIA DE PORTO FERREIRA;SP;73679846.02;6139987.17;11130599.24
CAIXA DE ASSISTÃNCIA DOS EMPREGADOS DO BANEB;BA;72669812.09;4037211.78;6296893.46
OPERADORA DE PLANOS PRIVADOS DE SAÃDE - SANTA CASA SAÃDE LTDA;MS;72497211.87;2013811.44;4723342.39
INTERMEDICI PIRACICABA ASSISTENCIA MEDICA LTDA;SP;71562234.36;1590271.87;3558864.98
UNIMED DE MOCOCA COOPERATIVA DE TRAB. MÃDICO;SP;70531342.87;665390.03;1654445.35
ASSOCIAÃÃO DO FISCO DE ALAGOAS;AL;69725674.6;7747297.18;10150918.2
UNIMED VERTENTE DO CAPARAÃ - COOPERATIVA DE TRABALHO MÃDICO LTDA;MG;69250943.91;975365.41;1768897.55
UNIMED VALE DO PIQUIRI-COOPERATIVA DE TRABALHO MÃDICO VALE DO PIQUIRI ;PR;69200216.66;922669.56;2054569.96
UNIMED PLANALTO CENTRAL/RS - COOPERATIVA DE ASSISTÃNCIA  Ã SAÃDE LTDA.;RS;67843284.79;942267.84;1309748.1
ASSOCIAÃÃO PARANAENSE DE ASSISTÃNCIA Ã SAUDE DOS MEMBROS DO MINISTERIO PUBLICO DO PARANÃ;PR;67536650.31;4502443.35;5987997.02
UNIMED DE SAO JOSÃ DO RIO PARDO-COOP. DE TRAB. MÃDICO;SP;67524417.62;1250452.18;1972486.6
FUNDAÃÃO FILANTRÃPICA E BENEFICENTE DE SAÃDE ARNALDO GAVAZZA FILHO;MG;67182066.51;1083581.72;2491594.75
CAIXA DE ASSISTÃNCIA DOS MAGISTRADOS DE PERNAMBUCO;PE;67106647.43;2033534.77;3930080.82
UNIMED-RIO COOPERATIVA DE TRABALHO MEDICO DO RIO DE JANEIRO;RJ;65483016.86;32741508.43;46300094.68
PLANO ODONTOLÃGICO DENTALVIDAS LTDA.;SP;64964948.84;5413745.74;11034732.36
BRASILDENTAL OPERADORA DE PLANOS ODONTOLÃGICOS S.A.;SP;63563719.97;7062635.55;7500171.02
AMEP FREGUESIA OPERADORA DE PLANO DE SAUDE LTDA;RJ;62840420.26;2094680.68;5481950.6
UNIMED ALFENAS COOPERATIVA DE TRABALHO MEDICO;MG;62112296.01;730732.89;2111550.63
UNIMED DE DRACENA - COOPERATIVA DE TRABALHO MÃDICO;SP;62085078.03;413900.52;808466.65
UNIMED REGIÃO DA CAMPANHA/RS - COOPERATIVA DE ASSISTÃNCIA Ã SAÃDE LTDA.;RS;61631205.8;497025.85;1153298.98
UNIMED REGIÃO DA PRODUÃÃO/RS - COOPERATIVA DE ASSISTÃNCIA Ã SAÃDE LTDA;RS;61411400.01;584870.48;1385061.05
POLI SAUDE OPERADORA DE PLANO DE SAUDE LTDA;PR;61136771.16;1698243.64;3435343.44
UNIODONTO DE SÃO JOSÃ DOS CAMPOS COOPERATIVA DE TRABALHO ODONTOLÃGICO;SP;60168652.93;5014054.41;3259560.38
UNIMED SÃO SEBASTIÃO DO PARAÃSO COOPERATIVA DE TRABALHO MÃDICO;MG;60089909.99;690688.62;1181606.85
FUNDAÃÃO DE ASSISTÃNCIA Ã SAÃDE DA ASSOCIAÃÃO DO MINISTÃRIO PÃBLICO DO RIO GRANDE DO SUL;RS;58421076.13;9736846.02;9300982.36
UNIMED LEOPOLDINA COOPERATIVA DE TRABALHO MÃDICO LTDA;MG;58145648.25;937833.04;1796854.35
UNIMED ALTO JACUÃ/RS - COOPERATIVA DE ASSISTÃNCIA Ã SAÃDE LTDA;RS;57332330.02;579114.44;1165216.95
PREVIDENT ASSISTÃNCIA ODONTOLÃGICA S.A;SP;57278051.49;3818536.77;4367497.57
UNIMED DE ADAMANTINA-COOPERATIVA DE TRABALHO MÃDICO;SP;57156694.35;326609.68;652177.8
AMPARA ASSISTÃNCIA MÃDICA PARAÃSO LTDA;MG;54195328.34;1106027.11;2179801.55
TERRAMAR ADMINISTRADORA DE PLANO DE SAUDE LTDA;BA;53745153.35;8957525.56;9991952.74
UNIMED CALDAS NOVAS - COOPERATIVA DE TRABALHO MEDICO;GO;53693619.76;894893.66;1853138.73
CAIXA DE ASSISTÃNCIA DOS EMPREGADOS DO BANESE;SE;53148231.4;5905359.04;9655790.66
ASSOCIAÃÃO POLICIAL DE ASSISTÃNCIA Ã SAÃDE DE RIBEIRÃO PRETO (APAS);SP;53001580.43;5889064.49;8789010.72
SF SISTEMAS DE SAÃDE LTDA;SP;52972915.62;4414409.64;5860338.72
FEDERAÃÃO DAS SOCIEDADES COOPERATIVAS DE TRABALHO MÃDICO DO ACRE, AMAPÃ, AMAZONAS, PARÃ, RONDONIA E RORAIMA;AM;51261694.46;3203855.9;4098465.68
PLAMER PLANO MEDICO RESENDE LTDA;RJ;51164581.1;1705486.04;2740690.58
ASSOCIAÃÃO PLANO DE SAÃDE SANTA CASA DE VALINHOS;SP;51019148.82;3401276.59;5351132.14
ASSOCIAÃÃO DOS AUDITORES FISCAIS DA RECEITA ESTADUAL DO RIO DE JANEIRO;RJ;50207864.92;3586276.07;4471110.69
UNIMED VALE DO URUCUIA - COOPERATIVA DE TRABALHO MEDICO LTDA;MG;49377059.65;2743169.98;6487580.77
PRONTOCLINICA E HOSPITAIS SAO LUCAS S/A;MG;48155457.43;729628.14;1491718.28
UNIMED PATOS - COOPERATIVA DE TRABALHO MÃDICO;PB;47638550.4;732900.78;1859736.94
FILOSANITAS SAUDE LTDA;SP;47390800.28;1822723.09;2544366.23
SBC SAÃDE LTDA.;SP;47302717.37;2252510.35;4527097.34
IRMANDADE DA SANTA CASA DE MISERICÃRDIA E MATERNIDADE DONA ZILDA SALVAGNI;SP;46880520.58;5208946.73;2394399.53
UNIMED TRÃS PONTAS - COOPERATIVA DE TRABALHO MÃDICO;MG;46279310.79;373220.25;1117777.94
SOCIEDADE BENEFICENTE DEZOITO DE JULHO;MG;46245657.62;3853804.8;4497681.52
UNIMED DE MONTE ALTO - COOPERATIVA DE TRABALHO MÃDICO;SP;45873562.08;580678.0;1107164.74
ASSOCIACAO DOS PROFESSORES UNIVERSITÃRIOS DA BAHIA;BA;45850981.82;2292549.09;4419036.26
ASSOCIAÃÃO DOS EMPREGADOS DA COMPANHIA ESTADUAL DE HABITAÃÃO E OBRAS PÃBLICAS - ASSEC;SE;45557752.58;6508250.37;9406355.26
FUNDACAO CAPITAL PREVIDENCIA E SAUDE - CAPITAL PREV;ES;45539973.95;2276998.7;4276144.3
ASSOCIAÃÃO SAÃDE CONCEIÃÃO;SC;45491923.23;1895496.8;5181145.41
UNIODONTO BELÃM - COOPERATIVA DE ASSISTÃNCIA Ã SAÃDE ODONTOLÃGICA;PA;45453179.27;1683451.08;2229496.43
UNIMED VALE DO CORUMBÃ COOPERATIVA DE TRABALHO MEDICO;GO;45328846.37;768285.53;1773613.06
UNIMED REGIÃO DA FRONTEIRA - RS COOPERATIVA DE ASSISTÃNCIA Ã SAÃDE LTDA.;RS;44732045.26;621278.41;1187683.1
UNIMED CACERES COOPERATIVA DE TRABALHO MÃDICO ;MT;44291404.06;348751.21;719909.2
ALLIANZ SAÃDE S/A;SP;44096795.04;2320883.95;4558332.13
UNIMED DE REGISTRO COOPERATIVA DE TRABALHO MÃDICO;SP;43718937.15;2428829.84;3111295.8
ASSOCIAÃÃO POLICIAL DE ASSISTÃNCIA Ã SAÃDE DE ARAÃATUBA (APAS);SP;43619201.24;3634933.44;7240408.35
UNIMED DE PENAPOLIS - COOPERATIVA DE TRABALHO MEDICO;SP;43568752.78;300474.16;630355.73
TRINO - ALIANCA FILANTRÃPICA DE ASSISTÃNCIA E INTEGRAÃÃO PARA O DESENVOLVIMENTO DA SAUDE;ES;43168319.08;3924392.64;7222156.49
ADVANCE PLANOS DE SAÃDE LTDA;SP;43161916.91;4795768.55;6522623.05
UNIMED DE CORUMBA COOPERATIVA DE TRABALHO MÃDICO;MS;42481996.39;1011476.1;2185601.09
SANTA CASA DE MISERICORDIA HOSPITAL SÃO VICENTE;SP;42439862.32;1463443.53;3542567.49
ASSOCIAÃÃO POLICIAL DE ASSISTÃNCIA A SAÃDE DA BAIXADA SANTISTA;SP;42196759.14;3516396.6;6910781.0
FEDERAÃÃO DAS COOP ODONTOLÃGICAS DO ESTADO DE SANTA CATARINA;SC;42115563.08;2339753.5;4398243.96
ASSOCIAÃÃO SANTA CASA CLÃNICAS DE BIRIGUI;SP;42018281.78;1273281.27;2231232.24
UNIX SAÃDE S.A;BA;41840490.34;1394683.01;2296555.66
ASSOCIAÃÃO GOIANA DO MINISTÃRIO PÃBLICO;GO;41436941.05;4604104.56;5949124.15
UNIMED REGIONAL DE FLORIANO - COOPERATIVA DE TRABALHO MÃDICO;PI;41384636.01;1379487.87;1960275.04
ATÃVIA SERVIÃOS DE SAÃDE S/A;SP;41183754.04;1647350.16;1220392.81
SV SAUDE ADMINSTRADORES DE PLANO DE SAUDE LTDA;RJ;40958658.87;1780811.26;4400494.07
PB ASSISTENCIA MEDICA EU LTDA;BA;37967613.98;2531174.27;4156344.24
COOPERATIVA DOS USUÃRIOS DE SERVIÃOS DE SAÃDE DO VALE DO RIO DOS SINOS LTDA;RS;37957621.89;4217513.54;6596068.81
EVANGELICO SAUDE LTDA.;PR;37912531.6;601786.22;1833671.82
BIO SAÃDE SERVIÃOS MÃDICOS LTDA;SP;37659972.11;2353748.26;4906422.0
UNIMED PONTE NOVA COOPERATIVA DE TRABALHO MEDICO LTDA;MG;36813536.46;968777.28;1401004.52
AME VVIDA PLANOS DE SAUDE INTEGRADO LTDA.;RO;36574055.19;7314811.04;7891988.14
PESSOAL SAÃDE PLANOS DE ASSISTÃNCIA MÃDICA LTDA;SP;36502126.28;4055791.81;5835942.63
CAIXA DE ASSISTÃNCIA DO SINDFISCO - CASSIND;SE;36370505.53;2597893.25;5313704.47
UNIMED SUDOESTE PAULISTA COOPERATIVA DE TRABALHO MÃDICO;SP;36302573.78;403361.93;1016038.26
UNIMED VALE DO CARANGOLA COOPERATIVA DE TRABALHO MEDICO LTDA;MG;36011671.03;923376.18;1101971.11
MAIS SAUDE S/A;ES;35975543.97;4496943.0;4613823.89
UNIMED DE JATAÃ COOPERATIVA DE TRABALHO MÃDICO LTDA.;GO;35818953.65;184633.78;407014.03
SOCIEDADE PORTUGUESA DE BENEFICÃNCIA;RS;35498555.13;724460.31;1814913.04
COOPERATIVA DOS USUÃRIOS DE SERVIÃOS DE SAÃDE LTDA.;RS;35178256.1;1954347.56;3339617.58
ASSOCIAÃÃO VALEPARAIBANA DE ASSISTÃNCIA MÃDICA POLICIAL;SP;34974160.34;11658053.45;4763812.61
DESBAN - FUNDAÃÃO BDMG DE SEGURIDADE SOCIAL;MG;34495979.21;1437332.47;3580574.22
UNIODONTO DE FORTALEZA COOPERATIVA DE TRABALHO ODONTOLOGICO LTDA;CE;34494408.32;2029082.84;2431345.25
SANTA CASA DE MISERICÃRDIA E BENEFICÃNCIA PORTUGUESA;SP;33129026.43;2760752.2;3647382.16
UNIMED CAJAZEIRAS - SOCIEDADE COOPERATIVA DE TRABALHO MÃDICO;PB;32674037.79;2722836.48;4402416.55
UNIMED SÃO JOÃO NEPOMUCENO COOPERATIVA DE TRABALHO MÃDICO LTDA.;MG;32116558.03;617626.12;979882.7
UNIMED MACHADO COOPERATIVA DE TRABALHO MEDICO;MG;32075172.13;364490.59;687609.18
HOSPITAL DE PRONTOCLINICA LTDA.;RS;32034317.08;1525443.67;2485016.87
UNIODONTO REGIONAL COOPERATIVA ODONTOLOGICA;MG;31864670.96;1180173.0;2094907.99
UNIMED DO OESTE DA BAHIA COOPERATIVA DE TRABALHO MÃDICO;BA;30821381.49;833010.31;1388246.89
VIDA TOP MAIS SAÃDE OPERADORA DE PLANOS DE SAÃDE LTDA.;SP;30551795.5;1175069.06;2896358.41
FUNASA SAÃDE;PB;30367580.68;1518379.03;2147087.04
AURORA SAÃDE LTDA;MG;30269982.01;3026998.2;3545905.38
ASSOCIAÃAO UNISAUDE MARAU;RS;30177843.88;1676546.88;3017585.61
UNIODONTO MACEIÃ COOPERATIVA ODONTOLÃGICA;AL;29921359.64;4986893.27;6198210.98
UNIODONTO DE SC COOPERATIVA ADMINISTRADORA DE CONTRATOS;SC;29879898.01;905451.45;1840764.97
UNIODONTO PORTO ALEGRE COOPERATIVA ODONTOLOGICA LTDA;RS;29539713.22;2461642.77;2306681.41
UNIODONTO/RN - COOPERATIVA ODONTOLOGICA DO RIO GRANDE DO NORTE;RN;29289543.99;1627196.89;1943028.8
UNIODONTO GOIANIA COOPERATIVA DE CIRURGIÃES DENTISTAS;GO;29217103.79;749156.51;1115099.41
TOTAL ASSISTÃNCIA MÃDICA HOSPITALAR LTDA;MG;29199042.19;4866507.03;3909058.84
UNIDENTIS ASSISTENCIA ODONTOLOGICA LTDA.;PB;29196064.2;4866010.7;2188849.39
UNIODONTO PIRACICABA - COOPERATIVA ODONTOLÃGICA;SP;28695001.43;1103653.9;2269434.75
SANTA CASA DE SAÃDE - SCS;ES;28484463.98;863165.58;1588899.0
CARE PLUS ODONTOLOGIA ASSISTENCIAL LTDA.;SP;28359822.29;2181524.79;3246924.87
ASSOCIACAO POLICIAL DE ASSISTENCIA A SAUDE DE PRESIDENTE PRUDENTE (APAS);SP;27555899.83;2296324.99;4525756.17
ATITUDE SAÃDE ASSISTÃNCIA MEDICA LTDA;BA;27533543.82;2294461.98;2654725.55
NACIONAL ODONTO OPERADORA DE PLANOS ODONTOLÃGICOS LTDA.;PE;26549343.14;4424890.52;2244059.67
RIO DOCE SAÃDE;ES;26517170.42;914385.19;2282311.67
UNIMED MORRINHOS COOPERATIVA DE TRABALHO MEDICO;GO;25994527.99;448181.52;794051.24
UNIMED CAMPO BELO- COOPERATIVA DE TRABALHO MÃDICO;MG;24872961.72;224080.74;484539.5
ASSOCIAÃÃO POLICIAL DE ASSISTÃNCIA A SAÃDE;SP;22827004.36;2853375.54;4356556.26
ON MED ASSISTÃNCIA MÃDICA LTDA;RS;22312156.95;1487477.13;2579927.88
FUNDAÃÃO PLAMHUV - PLANO MÃDICO HOSPITALAR DOS HOSPITAIS UNIDOS DE VIÃOSA;MG;22021778.01;550544.45;1438922.67
R.M.I. OPERADORA DE SAÃDE INTEGRADA LTDA;SP;22021317.66;3670219.61;3010322.91
ODONTO EMPRESAS CONVENIOS DENTARIOS LTDA.;SP;22015664.16;2446184.91;2434772.82
UNIODONTO DE JOÃO PESSOA COOPERATIVA ODONTOLÃGICA;PB;21920489.07;1461365.94;2010232.25
UNIODONTO DO BRASIL CENTRAL NACIONAL DAS COOPERATIVAS ODONTÃLOGICAS;SP;21618581.06;1801548.42;1587678.76
UNIODONTO DE MANAUS - COOPERATIVA ODONTOLÃGICA LTDA.;AM;21499594.14;895816.42;1033835.66
CAIXA DE ASSISTÃNCIA Ã SAÃDE DOS TRABALHADORES NAS INDÃSTRIAS METALÃRGICAS, MECÃNICAS E DO MATERIAL ELÃTRICO DE BRUSQUE;SC;21480416.27;3580069.38;4577687.84
UNIMED REGIONAL DE PICOS - COOPERATIVA DE TRABALHO MÃDICO;PI;20973384.56;2097338.46;3476210.74
ODONTOGROUP SISTEMA DE SAÃDE LTDA.;DF;20729802.23;2303311.36;3269733.92
SOCIEDADE DE ASSISTÃNCIA MÃDICA - SAMEISA;RS;20678070.35;2297563.37;3522801.64
SUL DO PARÃ LTDA;PA;20652958.63;5163239.66;3919996.79
UNIMED SOUSA - COOPERATIVA DE TRABALHO MÃDICO;PB;20159402.14;671980.07;959080.54
VIVENTERIS LTDA;PR;20070080.44;1254380.03;2843807.83
UNIODONTO PAULISTA-FEDERAÃÃO DAS COOPERATIVAS ODONTOLÃGICAS DO ESTADO DE SÃO PAULO;SP;20038530.09;1431323.58;1396157.8
ASSOCIACAO DE SAUDE HOLAMBRA;SP;19804339.03;2200482.11;3544635.43
CAIXA ASSISTENCIAL UNIVERSITARIA DO RIO DE JANEIRO;RJ;19738869.07;1096603.84;2596572.36
ASSOCIAÃÃO DOS FUNCIONÃRIOS FISCAIS DO ESTADO DO AMAZONAS - AFFEAM;AM;19492540.62;1624378.38;3145366.47
ANGELI SISTEMAS DE SAUDE S.A.;PR;19257623.44;917029.69;1761175.95
ASSOCIAÃÃO DOS SERVIDORES MUNICIPAIS, ESTADUAIS E FEDERAIS DO RIO DE JANEIRO;RJ;18606757.95;2067417.55;2245209.92
UNIMED VALE DO PARAÃBA - FEDERAÃÃO INTRAFEDERATIVA DAS COOPERATIVAS MÃDICAS;SP;18509054.79;6169684.93;2327265.31
HOSPITAL CESAR LEITE;MG;18433410.83;542159.14;831173.3
ASSOCIAÃÃO POLICIAL DE ASSISTENCIA Ã SAUDE DE SAO JOAO DA BOA VISTA;SP;17438805.79;2906467.63;3739764.4
HOSPITAL S.P. LTDA.;RS;17254605.51;1150307.03;1609029.31
CONFIANÃA ASSISTÃNCIA MÃDICO HOSPITALAR LTDA;MG;17141595.19;1428466.27;2395537.06
ASSOCIAÃÃO BENEFICENTE CATÃLICA;MG;16828337.77;509949.63;539110.16
OPLAN SAÃDE OPERADORA DE PLANO DE SAÃDE LTDA;RJ;16788737.68;621805.1;1126872.71
UNIODONTO DE AMERICANA COOPERATIVA ODONTOLÃGICA;SP;16444561.43;913586.75;1046320.45
UNIMED NORTE/NORDESTE-FEDERAÃÃO INTERFEDERATIVA DAS SOCIEDADES COOPERATIVAS DE TRABALHO MÃDICO EM RECUPERAÃÃO JUDICIAL;PB;16373487.88;1091565.86;1190334.16
SISTEMA TOTAL DE SAÃDE LTDA.;SP;16042399.78;1069493.32;1311917.87
PLANO ASSISTENCIAL SÃO LUCAS LTDA;MG;15686824.99;922754.41;1895943.14
PRIMA VIDA ODONTOLOGIA DE GRUPO LIMITADA;RJ;15498256.75;815697.72;887233.33
PRONTO SOCORRO CONDE DE MOREIRA LIMA;SP;15413702.07;314565.35;629804.84
AME-ASSISTÃNCIA MÃDICA A EMPRESAS LTDA;MG;15072072.37;538288.3;922170.34
PLAMESC PLANOS DE SAÃDE LTDA;RJ;14977119.5;998474.63;794809.2
FUNDO DE ASSISTÃNCIA Ã SAÃDE DOS FUNCIONÃRIOS DO BEC;CE;14549612.41;1818701.55;2860532.95
MEDIC GLOBAL PLANOS DE SAÃDE LTDA.;MG;14479551.6;689502.46;1216902.19
UNIMED DE BATATAIS - COOPERATIVA DE TRABALHO MÃDICO;SP;14365604.99;276261.63;358724.11
MEDGOLD ASSISTENCIA MEDICA LTDA - ME;MG;14138316.02;673253.14;910061.86
CEDPLAN SAÃDE LTDA EPP;MG;13870248.26;924683.22;1021592.45
ASSOCIACAO CIVIL PRÃ-SAÃDE DOS SERVIDORES DA UNIVERSIDADE ESTADUAL DE PONTA GROSSA;PR;13772291.1;4590763.7;2497912.8
ASSOCIACAO POLICIAL DE ASSISTENCIA A SAUDE DE ITAPETININGA;SP;13749839.58;654754.27;1713050.81
PORTOMED - PORTO SEGURO SERVIÃOS DE SAUDE LTDA;SP;13489531.06;749418.39;1639663.57
ORALE ASSISTÃNCIA ODONTOLÃGICA LTDA;BA;13352251.06;2225375.18;1493295.01
SANTA CASA DE MISERICÃRDIA DE TUPÃ;SP;13162549.87;877503.32;1144241.7
UNIODONTO DE ARARAQUARA COOPERATIVA ODONTOLÃGICA;SP;13161364.94;731186.94;1058169.62
SERVDONTO - PLANO DE ASSISTÃNCIA ODONTOLÃGICA LTDA;SE;13105521.54;2184253.59;2629388.06
S1 OPERADORA DE PLANO DE SAÃDE LTDA;DF;13040323.31;1185483.94;2262735.12
COMSEDER - COOPERATIVA DE ASSISTÃNCIA MÃDICA DOS SERVIDORES DA SUPLAN E DO DER LTDA;PB;12937593.76;2156265.63;1633457.71
VOCÃ TOTAL PLANOS DE SAÃDE LIMITADA;SP;12840686.41;1284068.64;2123919.58
TELOS - FUNDAÃÃO EMBRATEL DE SEGURIDADE SOCIAL;RJ;12748088.98;2124681.5;2558063.36
ASSOCIAÃÃO UNIVIDA SANTA RITA DO PASSA QUATRO;SP;12663879.91;527661.66;763833.08
NOSAMED ASSISTÃNCIA MÃDICA LTDA.;SP;12553463.87;597783.99;835523.26
UNIODONTO DE SOROCABA COOPERATIVA ODONTOLÃGICA;SP;11762346.38;980195.53;1145819.79
UNIODONTO UBERABA - COOPERATIVA DE ASSISTÃNCIA Ã SAÃDE ODONTOLÃGICA LTDA;MG;11638219.85;895247.68;1401793.73
PERSONAL CARE OPERADORA DE SAÃDE SA;SP;11577951.9;826996.56;975900.99
CAIXA BENEFICENTE DOS FUNCIONÃRIOS DO GRUPO IGUAÃU;PR;11435866.01;762391.07;1540860.9
FUNDO DE ASSISTÃNCIA MÃDICO-HOSPITALAR DO MINISTÃRIO PÃBLICO;MS;10788738.64;1348592.33;1487092.04
DONA SAÃDE CLINICAS LTDA ;SP;10390655.91;1731775.98;1727301.41
ASSOCIAÃÃO POLICIAL DE ASSISTÃNCIA Ã SAÃDE DE BARRETOS;SP;10199327.13;1133258.57;1841864.06
CEAM BRASIL - PLANOS DE SAÃDE LTDA;MG;10193863.57;1132651.51;1650927.7
UNIODONTO DE JUNDIAÃ COOPERATIVA ODONTOLÃGICA;SP;10164785.98;677652.4;584615.64
UNIODONTO VALE HISTORICO COOPERATIVA ODONTOLOGICA;SP;9818438.74;654562.58;1024688.54
ASSOCIAÃÃO POLICIAL DE ASSISTÃNCIA Ã SAÃDE DE PRESIDENTE VENCESLAU;SP;9814844.02;1635807.34;2025080.62
ASSOCIAÃÃO POLICIAL DE ASSISTÃNCIA Ã SAÃDE DE DRACENA;SP;9713367.34;971336.73;1116920.79
PLENUM ASSISTENCIA MEDICA  LTDA;DF;9685780.09;4842890.04;2198251.49
ASSOCIAÃÃO DOS SERVIDORES PÃBLICOS DA ADMINISTRAÃÃO DIRETA DO GOVERNO DO ESTADO DO PARÃ - ASPARÃ;PA;9552825.16;636855.01;1297025.4
CARING SAÃDE ASSISTÃNCIA MÃDICA LTDA.;RJ;9487688.25;3162562.75;1712180.83
ASSOCIAÃÃO SAÃDE RURAL ALEGRETE;RS;9219814.32;1024423.81;1703889.59
SEMPRE ODONTO PLANOS ODONTOLOGICOS LTDA;RJ;9188019.85;1020891.09;1059875.59
UNIODONTO DO SUL GOIANO COOPERATIVA ODONTOLOGICA;GO;9103393.15;1011488.13;1384601.55
COOPERATIVA ODONTOLÃGICA POÃOS DE CALDAS;MG;8894821.29;741235.11;1179014.38
ODONTOART PLANOS ODONTOLÃGICOS LTDA;CE;8802775.7;1100346.96;1051797.84
PRESERVE SAUDE ASSISTENCIA MEDICA LTDA;BA;8726377.01;256658.15;752783.26
CAIXA DE ASSISTÃNCIA DOS EMPREGADOS DO SETOR PÃBLICO DO ESTADO DE GOIÃS - CAEME;GO;8604321.32;1434053.55;1857673.23
ASSOCIAÃÃO HOSPITAL SAÃDE DE VARGEM GRANDE DO SUL;SP;8465552.53;564370.17;798550.97
UNIODONTO JACAREÃ COOPERATIVA ODONTOLÃGICA;SP;8368149.55;492244.09;458485.18
UNIODONTO ESPIRITO SANTO COOPERATIVA ODONTOLOGICA;ES;8264768.21;459153.79;760189.61
UNIODONTO MARINGA COOPERATIVA ODONTOLOGICA;PR;8210641.69;912293.52;1223676.29
MEDHEALTH PLANOS DE SAÃDE LTDA;PR;7981289.16;570092.08;1069372.68
DENTALPAR ASSISTÃNCIA ODONTOLÃGICA EMPRESARIAL LTDA.;SP;7945314.46;662109.54;335441.79
ASSOCIACAO DOS SERVIDORES DA EMDAGRO - ASSEM;SE;7771778.41;1295296.4;1642072.12
ASSOCIAÃÃO POLICIAL DE ASSISTÃNCIA Ã SAÃDE DE JAÃ;SP;7696399.38;641366.62;1240882.33
SEPACO SAÃDE LTDA;SP;7607293.03;1267882.17;1642896.26
ASSOCIAÃÃO POLICIAL DE ASSISTÃNCIA Ã SAÃDE - VALE DO RIBEIRA;SP;7547536.95;419307.61;948444.56
PLANO VIDA SAUDE SERVIÃOS ODONTOLOGICOS LTDA;SE;7526338.46;1254389.74;1164104.56
ASSOCIAÃÃO POLICIAL DE ASSISTÃNCIA Ã SAÃDE APAS;SP;7526202.56;2508734.19;871828.96
UNIODONTO DE LONDRINA COOP. ODONTOLÃGICA;PR;7397278.67;369863.93;539038.11
COOPERATIVA ODONTOLÃGICA DO ESTADO DO AMAPÃ;AP;7181263.69;797918.19;1146014.72
RODRIGUES LEIRA ODONTOLOGIA LTDA.;SP;7163032.18;795892.46;595296.99
DENTAL PLUS CONVÃNIO ODONTOLÃGICO LTDA.;SP;7160290.56;596690.88;566029.81
DENTAL CENTER LTDA;PB;7151462.48;1191910.41;787521.89
ASSOCIAÃÃO POLICIAL DE ASSISTENCIA A SAUDE DE BOTUCATU;SP;7090575.78;1181762.63;1613436.67
AESP ODONTO ASSISTÃNCIA ODONTOLÃGICA S/S LTDA EPP;SP;7053734.99;587811.25;668678.91
CAMIM OPERADORA DE PLANO DE SAÃDE LTDA;RJ;6841382.25;2280460.75;1128243.61
PLANO DE ASSISTÃNCIA MÃDICA MINEIRA LTDA;MG;6838203.42;455880.23;608793.61
SAMIG - SERV. DE ASSISTENCIA MEDICA DA ILHA DO GOVERNADOR LTDA;RJ;6683049.84;835381.23;838485.93
SD-M OPERADORA DE PLANOS DE SAUDE LTDA;RJ;6579997.8;2193332.6;1174657.98
DENTAL MASTER LTDA - EPP;AL;6436806.1;1072801.02;1265092.7
UNIODONTO DE PRESIDENTE PRUDENTE COOPERATIVA ODONTOLOGICA;SP;6434657.34;214488.58;410093.78
BENEFICENCIA SOCIAL BOM SAMARITANO;MG;6255717.28;208523.91;371144.95
SANTA CASA DE MISERICÃRDIA E ASILO DOS POBRES DE BATATAIS;SP;6132821.08;139382.3;267163.65
ODONT-OPERADORA ODONTOLOGICA LTDA;SP;6056431.23;336468.4;372399.16
VALE PLANOS DE SAÃDE LTDA;PE;5974993.62;1194998.72;657761.72
HSMED SAUDE LTDA;RJ;5819063.14;277098.24;371676.65
MH VIDA - OPERADORA DE PLANOS DE SAÃDE LTDA;RJ;5756567.96;1151313.59;1228087.63
ODONTOLIVE OPERADORA DE PLANOS ODONTOLÃGICOS LTDA.;SP;5423270.48;602585.61;468021.41
DENTAL GOLD ASSISTÃNCIA ODONTOLÃGICA LTDA.;PB;5397842.31;899640.38;404207.59
UNIODONTO RS FEDERACAO DAS UNIODONTOS DO RGS LTDA;RS;5205798.61;347053.24;497376.16
UNIODONTO DE PINDAMONHANGABA COOP ODONTOLOGICA;SP;5185037.19;305002.19;327754.22
UNIODONTO DE SERTAOZINHO SP COOPERATIVA ODONTOLOGICA;SP;5007845.03;625980.63;506582.5
COOPERATIVA DE TRABALHO ODONTOLOGICO - UNIODONTO ITAJUBÃ;MG;4776336.3;398028.02;473669.61
YOU ASSISTÃNCIA MÃDICA LTDA.;MG;4701165.29;1567055.1;505935.01
ASSOCIAÃÃO DOS FISCAIS DE TRIBUTOS ESTADUAIS DO RS - AFISVEC;RS;4599453.97;574931.75;859019.83
SALUSMED OPERADORA DE PLANOS DE SAUDE LTDA;SP;4560392.56;760065.43;922692.95
ASSOC DE ASSIST Ã SAÃDE DOS SERV DAS UNIV E INST FED, EST E/OU FAC PART EM PE;PE;4518150.75;903630.15;924249.89
UNIMED ALTO PARANAIBA COOPERATIVA DE TRABALHO MEDICO;MG;4443728.91;185155.37;210038.57
PORTO DIAS SAUDE LTDA.;PA;4432422.66;738737.11;982916.48
ÃNIX OPERADORA DE PLANOS DE SAÃDE LTDA;RJ;4134572.22;344547.68;330097.37
ASSOCIAÃÃO PADRE PIO PLANOS DE SAÃDE;SP;4125857.67;687642.94;842352.94
CAIXA SEGURADORA ESPECIALIZADA EM SAÃDE S/A;SP;4045129.61;404512.96;621109.26
PLANO DE ASSISTÃNCIA ODONTOLÃGICA FAUCHARD LTDA. ME;BA;4026955.72;671159.29;774529.58
ASSOCIAÃÃO SERVIÃOS ODONTOLÃGICOS DA INDÃSTRIA DE MINAS GERAIS - ODONTOINDUSTRIA;MG;3896791.72;1298930.57;713295.14
PREVENT SENIOR CORPORATE OPERADORA DE SAÃDE LTDA.;SP;3823838.36;1274612.79;550344.09
CENTRO DE ENDOCRINOLOGIA DE JUNDIAÃ S/S LTDA;SP;3711922.41;618653.74;779104.74
HEALTH-MED SISTEMA DE SAUDE LTDA;RJ;3432498.41;286041.53;397743.24
QUALIDONTO - QUALIDADE EM ODONTOLOGIA LTDA ;BA;3343566.5;557261.08;651095.95
ODONTO SEG OPERADORA DE PLANOS ODONTOLOGICOS S.A.;SP;3113047.63;1037682.54;463466.15
UNIODONTO DE MATO GROSSO COOP TRAB ODONTOLOGICO LTDA;MT;2884093.3;160227.41;249481.16
PD BRASIL ASSISTENCIA ODONTOLOGICA LTDA;MG;2647549.59;441258.26;349579.37
HOSPITAL DE CARIDADE SÃO VICENTE DE PAULO;PR;2552772.79;425462.13;91006.53
BLUZZ SAÃDE S/A;ES;2432983.38;152061.46;292973.25
SANTA CASA DA MISERICÃRDIA DE SÃO JOÃO DEL REI;MG;2378347.42;158556.49;138379.45
SAME-SERVIÃO DE ASSISTÃNCIA MÃDICA EMPRESARIAL LTDA.;MA;2091212.5;261401.56;388111.39
SISTEMA PREVSAUDE DENTAL LTDA;CE;1906012.78;173273.89;215779.3
ODILE SERVIÃOS DE SAÃDE LTDA.;SP;1893381.61;631127.2;329382.82
SORRIDEN CONVÃNIOS ODONTOLÃGICOS S.A.;SP;1820679.38;303446.56;363322.28
CASA DE SAÃDE NOSSA SENHORA DE FÃTIMA  LTDA.;CE;1808567.0;602855.67;323921.38
INNOVA PLANO DE SAUDE LTDA;RO;1723509.58;861754.79;783899.23
NOVODENTE S/A;RS;1671197.84;417799.46;460778.5
CROWN ODONTOLOGIA DE GRUPO LTDA;SP;1643257.91;410814.48;367304.75
INFINITY SAÃDE SUPLEMENTAR LTDA;MT;1520550.88;253425.15;350075.19
BRASIL ODONTO OPERADORA DE PLANOS ODONTOLÃGICOS LTDA;TO;1242569.19;207094.86;204242.34
PLAMEDH - PLANO DE ASSISTÃNCIA MÃDICO-HOSPITALAR LTDA;MG;968119.57;484059.78;136912.78
BEMSTAR ASSISTENCIA MEDICA LTDA;BA;946841.89;118355.24;128644.59
ODONTO PRIME S/S LTDA;CE;937985.75;312661.92;162963.58
EXCELÃNCIA PLANO DE SAÃDE S/A;ES;831396.27;207849.07;269652.88
ZURICH SANTANDER BRASIL ODONTO LTDA.;SP;800285.81;133380.97;16224.7
ALMA ODONTO OPERADORA DE PLANOS ODONTOLOGICOS LTDA;SP;792655.56;264218.52;121212.61
PLANO SIGMA SAÃDE LTDA;SP;758538.0;379269.0;3980.6
POLIMÃDICA SAÃDE SOCIEDADE SIMPLES LTDA;RS;752976.84;83664.09;124443.95
G & M ASSESSORIA MEDICA EMPRESARIAL LTDA;RJ;739618.47;49307.9;86856.58
ASSISTÃNCIA MÃDICA 12 DE OUTUBRO LTDA;SP;696205.41;232068.47;141523.95
SAUDIA ASSISTENCIA MÃDICA LTDA;MG;692189.02;86523.63;106297.93
SMART CARE SISTEMAS MÃDICOS E ODONTOLÃGICOS LTDA.;SP;572922.1;286461.05;0.0
LIVRI OPERADORA DE PLANO DE SAÃDE LTDA;SP;310429.39;103476.46;49493.95
CLÃNICA SÃO GABRIEL S/S LTDA;SP;201170.7;40234.14;21096.92
SAGRADA SAÃDE ASSISTÃNCIA MÃDICA LTDA;MG;117168.13;39056.04;37723.43
SOCIODONTO PLANO DE ASSISTÃNCIA ODONTOLÃGICA LTDA;MG;62434.93;31217.46;35711.76
SAUDE SALV ASSISTENCIA MEDICA LTDA;RO;35715.45;35715.45;
UNIMED PARAIBA - FEDERAÃAO DAS SOCIEDADES COOPERATIVAS DE TRABALHO MEDICO;PB;6666.95;2222.32;1963.02
ARL ADMINISTRADORA DE BENEFÃCIOS LTDA.;SP;5680.0;2840.0;0.0
CORPORE ADMINISTRADORA DE BENEFICIOS DA SAUDE LTDA;SP;-21000.0;-7000.0;0.0
